{"cameraMode":{"drawMode":0,"name":"Shaded","section":"Shading Mode"},"sceneLighting":true,"audioPlay":false,"sceneViewState":{"showFog":false,"showMaterialUpdate":false,"showSkybox":false,"showFlares":false,"showImageEffects":false,"showParticleSystems":false},"in2DMode":false,"pivot":{"x":5.918270111083984,"y":14.710721969604493,"z":14.842498779296875},"rotation":{"x":-0.2298344522714615,"y":-0.6887004375457764,"z":0.24657109379768372,"w":-0.6419272422790527},"size":54.159912109375,"orthographic":false}