{"cameraMode":{"drawMode":0,"name":"Shaded","section":"Shading Mode"},"sceneLighting":false,"audioPlay":false,"sceneViewState":{"showFog":true,"showMaterialUpdate":false,"showSkybox":false,"showFlares":true,"showImageEffects":true,"showParticleSystems":true},"in2DMode":false,"pivot":{"x":11.450000762939454,"y":21.469999313354493,"z":-11.470001220703125},"rotation":{"x":-0.05468389391899109,"y":0.7477691769599915,"z":-0.06205759942531586,"w":-0.6587865948677063},"size":3.4294629096984865,"orthographic":false}